<?xml version="1.0" encoding="utf-8"?>
<Mod>
  <Id>5f238bee-f8ff-400d-90b8-a4a63419d18b</Id>
  <Game>Persona4Golden</Game>
  <Title>P4 The Animation Portraits</Title>
  <Description>Replaces the poorly-upscaled dungeon portraits with HD artwork from Persona 4 The Animation. The portraits came from the anime's Blu-ray box art and have been carefully tweaked to fit P4G's UI. Now Vita compatible</Description>
  <Version>1.0</Version>
  <Date>2/5/2022</Date>
  <Author>Hellkrai, kris!</Author>
  <Url>https://gamebanana.com/guis/36203</Url>
  <UpdateUrl>https://gamebanana.com/guis/36203</UpdateUrl>
</Mod>