﻿<?xml version="1.0" encoding="utf-8"?>
<Mod>
  <Id>a878ec1c-8cfd-48b7-a4cc-e8cbe13e0e1a</Id>
  <Game>Persona4Golden</Game>
  <Title>Colorful Skills+</Title>
  <Description>Colors the icons for Persona Skills and inventory items. Due to an issue with texture translucency that can't be fixed, the colors are unchanged in the Persona menu and look a bit funky in the Skill menu outside of battle. Now Vita compatible</Description>
  <Version>2.0</Version>
  <Date>2/6/2022</Date>
  <Author>Pixelguin, rudiger_gb, kris!</Author>
  <Url>https://gamebanana.com/mods/55650</Url>
  <UpdateUrl></UpdateUrl>
</Mod>