﻿<?xml version="1.0" encoding="utf-8"?>
<Mod>
  <Id>1bd97ab5-286a-446d-88e3-2c5a0f45901b</Id>
  <Game>Persona4Golden</Game>
  <Title>Amagidyne over Burning Petals</Title>
  <Description>idek lmao, replaces Yukiko's ultimate skill name (Burning Petals) with "Amagidyne" requested by Word, update for fixing all other skill names + tblpatches by meovvcat. Now vita compatible</Description>
  <Version>1.1</Version>
  <Date>2/23/2022</Date>
  <Author>MeovvCAT, wxnder, kris!</Author>
  <Url></Url>
  <UpdateUrl></UpdateUrl>
</Mod>