﻿<?xml version="1.0" encoding="utf-8"?>
<Mod>
  <Id>219d493c-b26a-4da8-90a6-4c4b62025f5f</Id>
  <Game>Persona4Golden</Game>
  <Title>Colorful Skills+ Red Mudo</Title>
  <Description>Colors the icons for Persona Skills and inventory items. Due to an issue with texture translucency that can't be fixed, the colors are unchanged in the Persona menu and look a bit funky in the Skill menu outside of battle. Now Vita compatible</Description>
  <Version>2.0</Version>
  <Date>2/6/2022</Date>
  <Author>Pixelguin, rudiger_gb, kris!</Author>
  <Url>https://gamebanana.com/mods/55650</Url>
  <UpdateUrl></UpdateUrl>
</Mod>