﻿<?xml version="1.0" encoding="utf-8"?>
<Mod>
  <Id>b2b005f0-5336-4ddf-b878-ada18119e2b8</Id>
  <Game>Persona4Golden</Game>
  <Title>Compendium Restoration Pack</Title>
  <Description>Every cut P3 Persona, restored! A full list of changed and additions can be found here:https://docs.google.com/spreadsheets/d/1nkRT9_mQqKLBJ4pqtvC-RYz-F6Vlqje2BkhhMLX2_no/edit?usp=sharing. Enjoy this mod? Let me know! https://ko-fi.com/rudiger. Now vita compatible</Description>
  <Version></Version>
  <Date>2/6/2022</Date>
  <Author>rudiger_gb, kris!, pioziomgames</Author>
  <Url>https://gamebanana.com/mods/342822</Url>
  <UpdateUrl></UpdateUrl>
</Mod>